season,week,player_id,player_slug,player_name,rater_id,rater_name,rater_role,rating,recorded_at
bb28,1,192,angela,Angela,1,Audience,audience,7,2026-07-15T03:20:40.000000Z
bb28,1,192,angela,Angela,4,Taran Armstrong,host,7,2026-07-15T03:20:38.000000Z
bb28,1,192,angela,Angela,9,Melissa Deni,host,7,2026-07-15T03:20:38.000000Z
bb28,1,192,angela,Angela,7620,Aysha Welch,guest,7,2026-07-15T03:20:39.000000Z
bb28,1,178,ashley,Ashley,1,Audience,audience,3,
bb28,1,178,ashley,Ashley,4,Taran Armstrong,host,3,
bb28,1,178,ashley,Ashley,9,Melissa Deni,host,3,
bb28,1,178,ashley,Ashley,7620,Aysha Welch,guest,3,
bb28,1,179,barrett,Barrett,1,Audience,audience,7,2026-07-15T03:20:54.000000Z
bb28,1,179,barrett,Barrett,4,Taran Armstrong,host,7,2026-07-15T03:20:48.000000Z
bb28,1,179,barrett,Barrett,9,Melissa Deni,host,7,2026-07-15T03:20:48.000000Z
bb28,1,179,barrett,Barrett,7620,Aysha Welch,guest,8,2026-07-15T03:20:49.000000Z
bb28,1,180,chuk,Chuk,1,Audience,audience,4,2026-07-15T03:20:55.000000Z
bb28,1,180,chuk,Chuk,4,Taran Armstrong,host,5,2026-07-15T03:20:53.000000Z
bb28,1,180,chuk,Chuk,9,Melissa Deni,host,5,2026-07-15T03:20:54.000000Z
bb28,1,180,chuk,Chuk,7620,Aysha Welch,guest,5,2026-07-15T03:20:55.000000Z
bb28,1,194,dee,Dee,1,Audience,audience,8,2026-07-15T03:21:05.000000Z
bb28,1,194,dee,Dee,4,Taran Armstrong,host,9,2026-07-15T03:21:02.000000Z
bb28,1,194,dee,Dee,9,Melissa Deni,host,9,2026-07-15T03:21:03.000000Z
bb28,1,194,dee,Dee,7620,Aysha Welch,guest,9,2026-07-15T03:21:03.000000Z
bb28,1,193,devens,Devens,1,Audience,audience,7,2026-07-15T03:21:12.000000Z
bb28,1,193,devens,Devens,4,Taran Armstrong,host,7,2026-07-15T03:21:06.000000Z
bb28,1,193,devens,Devens,9,Melissa Deni,host,7,2026-07-15T03:21:07.000000Z
bb28,1,193,devens,Devens,7620,Aysha Welch,guest,7,2026-07-15T03:21:07.000000Z
bb28,1,181,drew,Drew,1,Audience,audience,7,2026-07-15T03:21:12.000000Z
bb28,1,181,drew,Drew,4,Taran Armstrong,host,7,2026-07-15T03:21:09.000000Z
bb28,1,181,drew,Drew,9,Melissa Deni,host,7,2026-07-15T03:21:10.000000Z
bb28,1,181,drew,Drew,7620,Aysha Welch,guest,6,2026-07-15T03:21:11.000000Z
bb28,1,182,haley,Haley,1,Audience,audience,3,2026-07-15T03:21:30.000000Z
bb28,1,182,haley,Haley,4,Taran Armstrong,host,2,2026-07-15T03:21:26.000000Z
bb28,1,182,haley,Haley,9,Melissa Deni,host,2,2026-07-15T03:21:26.000000Z
bb28,1,182,haley,Haley,7620,Aysha Welch,guest,2,2026-07-15T03:21:28.000000Z
bb28,1,183,jason,Jason,1,Audience,audience,4,2026-07-15T03:21:35.000000Z
bb28,1,183,jason,Jason,4,Taran Armstrong,host,3,2026-07-15T03:21:35.000000Z
bb28,1,183,jason,Jason,9,Melissa Deni,host,3,2026-07-15T03:21:33.000000Z
bb28,1,183,jason,Jason,7620,Aysha Welch,guest,4,2026-07-15T03:21:35.000000Z
bb28,1,184,kamu,Kamu,1,Audience,audience,4,2026-07-15T03:21:42.000000Z
bb28,1,184,kamu,Kamu,4,Taran Armstrong,host,4,2026-07-15T03:21:39.000000Z
bb28,1,184,kamu,Kamu,9,Melissa Deni,host,3,2026-07-15T03:21:40.000000Z
bb28,1,184,kamu,Kamu,7620,Aysha Welch,guest,4,2026-07-15T03:21:41.000000Z
bb28,1,185,latrice,LaTrice,1,Audience,audience,5,2026-07-15T03:21:50.000000Z
bb28,1,185,latrice,LaTrice,4,Taran Armstrong,host,5,2026-07-15T03:21:47.000000Z
bb28,1,185,latrice,LaTrice,9,Melissa Deni,host,4,2026-07-15T03:21:48.000000Z
bb28,1,185,latrice,LaTrice,7620,Aysha Welch,guest,4,2026-07-15T03:21:49.000000Z
bb28,1,186,lyric,Lyric,1,Audience,audience,4,2026-07-15T03:22:04.000000Z
bb28,1,186,lyric,Lyric,4,Taran Armstrong,host,5,2026-07-15T03:22:01.000000Z
bb28,1,186,lyric,Lyric,9,Melissa Deni,host,5,2026-07-15T03:22:02.000000Z
bb28,1,186,lyric,Lyric,7620,Aysha Welch,guest,4,2026-07-15T03:22:02.000000Z
bb28,1,187,mallory,Mallory,1,Audience,audience,4,2026-07-15T03:22:21.000000Z
bb28,1,187,mallory,Mallory,4,Taran Armstrong,host,5,2026-07-15T03:22:15.000000Z
bb28,1,187,mallory,Mallory,9,Melissa Deni,host,4,2026-07-15T03:22:16.000000Z
bb28,1,187,mallory,Mallory,7620,Aysha Welch,guest,5,2026-07-15T03:22:17.000000Z
bb28,1,188,melody,Melody,1,Audience,audience,4,2026-07-15T03:22:24.000000Z
bb28,1,188,melody,Melody,4,Taran Armstrong,host,4,2026-07-15T03:22:22.000000Z
bb28,1,188,melody,Melody,9,Melissa Deni,host,4,2026-07-15T03:22:23.000000Z
bb28,1,188,melody,Melody,7620,Aysha Welch,guest,4,2026-07-15T03:22:24.000000Z
bb28,1,189,rome,Rome,1,Audience,audience,5,
bb28,1,189,rome,Rome,4,Taran Armstrong,host,4,
bb28,1,189,rome,Rome,9,Melissa Deni,host,5,
bb28,1,189,rome,Rome,7620,Aysha Welch,guest,5,
bb28,1,190,taylor,Taylor,1,Audience,audience,4,2026-07-15T03:22:41.000000Z
bb28,1,190,taylor,Taylor,4,Taran Armstrong,host,3,2026-07-15T03:22:38.000000Z
bb28,1,190,taylor,Taylor,9,Melissa Deni,host,3,2026-07-15T03:22:39.000000Z
bb28,1,190,taylor,Taylor,7620,Aysha Welch,guest,4,2026-07-15T03:22:39.000000Z
bb28,1,191,yash,Yash,1,Audience,audience,2,2026-07-15T03:22:48.000000Z
bb28,1,191,yash,Yash,4,Taran Armstrong,host,2,2026-07-15T03:22:46.000000Z
bb28,1,191,yash,Yash,9,Melissa Deni,host,2,2026-07-15T03:22:47.000000Z
bb28,1,191,yash,Yash,7620,Aysha Welch,guest,2,2026-07-15T03:22:50.000000Z
bb28,2,192,angela,Angela,1,Audience,audience,6,2026-07-21T04:58:33.000000Z
bb28,2,192,angela,Angela,4,Taran Armstrong,host,6,2026-07-21T04:56:04.000000Z
bb28,2,192,angela,Angela,9,Melissa Deni,host,5,2026-07-21T04:57:15.000000Z
bb28,2,192,angela,Angela,7620,Pooya,guest,5,2026-07-21T04:57:51.000000Z
bb28,2,179,barrett,Barrett,1,Audience,audience,6,2026-07-21T04:58:33.000000Z
bb28,2,179,barrett,Barrett,4,Taran Armstrong,host,5,2026-07-21T04:56:11.000000Z
bb28,2,179,barrett,Barrett,9,Melissa Deni,host,5,2026-07-21T04:57:16.000000Z
bb28,2,179,barrett,Barrett,7620,Pooya,guest,5,2026-07-21T04:57:52.000000Z
bb28,2,180,chuk,Chuk,1,Audience,audience,5,2026-07-21T04:58:35.000000Z
bb28,2,180,chuk,Chuk,4,Taran Armstrong,host,4,2026-07-21T04:56:12.000000Z
bb28,2,180,chuk,Chuk,9,Melissa Deni,host,4,2026-07-21T04:57:16.000000Z
bb28,2,180,chuk,Chuk,7620,Pooya,guest,4,2026-07-21T04:57:56.000000Z
bb28,2,194,dee,Dee,1,Audience,audience,6,2026-07-21T04:58:38.000000Z
bb28,2,194,dee,Dee,4,Taran Armstrong,host,7,2026-07-21T04:56:14.000000Z
bb28,2,194,dee,Dee,9,Melissa Deni,host,7,2026-07-21T04:57:18.000000Z
bb28,2,194,dee,Dee,7620,Pooya,guest,7,2026-07-21T04:57:55.000000Z
bb28,2,193,devens,Devens,1,Audience,audience,5,2026-07-21T04:58:38.000000Z
bb28,2,193,devens,Devens,4,Taran Armstrong,host,4,2026-07-21T04:56:19.000000Z
bb28,2,193,devens,Devens,9,Melissa Deni,host,5,2026-07-21T04:57:19.000000Z
bb28,2,193,devens,Devens,7620,Pooya,guest,4,2026-07-21T04:57:56.000000Z
bb28,2,181,drew,Drew,1,Audience,audience,6,2026-07-21T04:58:38.000000Z
bb28,2,181,drew,Drew,4,Taran Armstrong,host,5,2026-07-21T04:56:20.000000Z
bb28,2,181,drew,Drew,9,Melissa Deni,host,5,2026-07-21T04:57:20.000000Z
bb28,2,181,drew,Drew,7620,Pooya,guest,6,2026-07-21T04:57:59.000000Z
bb28,2,182,haley,Haley,1,Audience,audience,4,2026-07-21T04:58:41.000000Z
bb28,2,182,haley,Haley,4,Taran Armstrong,host,3,2026-07-21T04:56:23.000000Z
bb28,2,182,haley,Haley,9,Melissa Deni,host,3,2026-07-21T04:57:22.000000Z
bb28,2,182,haley,Haley,7620,Pooya,guest,4,2026-07-21T04:58:00.000000Z
bb28,2,183,jason,Jason,1,Audience,audience,3,2026-07-21T04:58:41.000000Z
bb28,2,183,jason,Jason,4,Taran Armstrong,host,2,2026-07-21T04:56:23.000000Z
bb28,2,183,jason,Jason,9,Melissa Deni,host,2,2026-07-21T04:57:22.000000Z
bb28,2,183,jason,Jason,7620,Pooya,guest,3,2026-07-21T04:58:01.000000Z
bb28,2,184,kamu,Kamu,1,Audience,audience,6,2026-07-21T04:58:42.000000Z
bb28,2,184,kamu,Kamu,4,Taran Armstrong,host,6,2026-07-21T04:56:25.000000Z
bb28,2,184,kamu,Kamu,9,Melissa Deni,host,6,2026-07-21T04:57:25.000000Z
bb28,2,184,kamu,Kamu,7620,Pooya,guest,6,2026-07-21T04:58:02.000000Z
bb28,2,185,latrice,LaTrice,1,Audience,audience,4,2026-07-21T04:58:42.000000Z
bb28,2,185,latrice,LaTrice,4,Taran Armstrong,host,4,2026-07-21T04:56:29.000000Z
bb28,2,185,latrice,LaTrice,9,Melissa Deni,host,3,2026-07-21T04:57:26.000000Z
bb28,2,185,latrice,LaTrice,7620,Pooya,guest,3,2026-07-21T04:58:04.000000Z
bb28,2,186,lyric,Lyric,1,Audience,audience,5,2026-07-21T04:58:43.000000Z
bb28,2,186,lyric,Lyric,4,Taran Armstrong,host,7,2026-07-21T04:56:29.000000Z
bb28,2,186,lyric,Lyric,9,Melissa Deni,host,6,2026-07-21T04:57:29.000000Z
bb28,2,186,lyric,Lyric,7620,Pooya,guest,5,2026-07-21T04:58:06.000000Z
bb28,2,187,mallory,Mallory,1,Audience,audience,5,2026-07-21T04:58:43.000000Z
bb28,2,187,mallory,Mallory,4,Taran Armstrong,host,4,2026-07-21T04:56:32.000000Z
bb28,2,187,mallory,Mallory,9,Melissa Deni,host,4,2026-07-21T04:57:30.000000Z
bb28,2,187,mallory,Mallory,7620,Pooya,guest,4,2026-07-21T04:58:06.000000Z
bb28,2,188,melody,Melody,1,Audience,audience,4,2026-07-21T04:58:44.000000Z
bb28,2,188,melody,Melody,4,Taran Armstrong,host,3,2026-07-21T04:56:33.000000Z
bb28,2,188,melody,Melody,9,Melissa Deni,host,3,2026-07-21T04:57:31.000000Z
bb28,2,188,melody,Melody,7620,Pooya,guest,4,2026-07-21T04:58:06.000000Z
bb28,2,189,rome,Rome,1,Audience,audience,3,
bb28,2,189,rome,Rome,4,Taran Armstrong,host,2,
bb28,2,189,rome,Rome,9,Melissa Deni,host,2,
bb28,2,189,rome,Rome,7620,Pooya,guest,2,
bb28,2,190,taylor,Taylor,1,Audience,audience,4,2026-07-21T04:59:21.000000Z
bb28,2,190,taylor,Taylor,4,Taran Armstrong,host,4,2026-07-21T04:56:34.000000Z
bb28,2,190,taylor,Taylor,9,Melissa Deni,host,4,2026-07-21T04:57:35.000000Z
bb28,2,190,taylor,Taylor,7620,Pooya,guest,4,2026-07-21T04:58:16.000000Z
bb28,2,191,yash,Yash,1,Audience,audience,3,2026-07-21T04:59:22.000000Z
bb28,2,191,yash,Yash,4,Taran Armstrong,host,3,2026-07-21T04:56:35.000000Z
bb28,2,191,yash,Yash,9,Melissa Deni,host,3,2026-07-21T04:57:34.000000Z
bb28,2,191,yash,Yash,7620,Pooya,guest,2,2026-07-21T04:58:18.000000Z
bb28,3,192,angela,Angela,1,Audience,audience,5,2026-07-28T22:51:00.000000Z
bb28,3,192,angela,Angela,4,Taran Armstrong,host,6,2026-07-28T22:42:28.000000Z
bb28,3,192,angela,Angela,9,Melissa Deni,host,5,2026-07-28T22:49:02.000000Z
bb28,3,192,angela,Angela,7620,Mary Kwiatkowski,guest,5,2026-07-28T22:49:58.000000Z
bb28,3,179,barrett,Barrett,1,Audience,audience,5,2026-07-28T22:51:00.000000Z
bb28,3,179,barrett,Barrett,4,Taran Armstrong,host,5,2026-07-28T22:42:26.000000Z
bb28,3,179,barrett,Barrett,9,Melissa Deni,host,5,2026-07-28T22:49:02.000000Z
bb28,3,179,barrett,Barrett,7620,Mary Kwiatkowski,guest,4,2026-07-28T22:49:59.000000Z
bb28,3,180,chuk,Chuk,1,Audience,audience,4,2026-07-28T22:51:01.000000Z
bb28,3,180,chuk,Chuk,4,Taran Armstrong,host,4,2026-07-28T22:42:27.000000Z
bb28,3,180,chuk,Chuk,9,Melissa Deni,host,4,2026-07-28T22:49:03.000000Z
bb28,3,180,chuk,Chuk,7620,Mary Kwiatkowski,guest,4,2026-07-28T22:49:59.000000Z
bb28,3,194,dee,Dee,1,Audience,audience,6,2026-07-28T22:51:01.000000Z
bb28,3,194,dee,Dee,4,Taran Armstrong,host,8,2026-07-28T22:42:28.000000Z
bb28,3,194,dee,Dee,9,Melissa Deni,host,7,2026-07-28T22:49:04.000000Z
bb28,3,194,dee,Dee,7620,Mary Kwiatkowski,guest,7,2026-07-28T22:50:00.000000Z
bb28,3,193,devens,Devens,1,Audience,audience,7,2026-07-28T22:51:02.000000Z
bb28,3,193,devens,Devens,4,Taran Armstrong,host,8,2026-07-28T22:42:29.000000Z
bb28,3,193,devens,Devens,9,Melissa Deni,host,8,2026-07-28T22:49:04.000000Z
bb28,3,193,devens,Devens,7620,Mary Kwiatkowski,guest,8,2026-07-28T22:50:04.000000Z
bb28,3,181,drew,Drew,1,Audience,audience,5,2026-07-28T22:51:10.000000Z
bb28,3,181,drew,Drew,4,Taran Armstrong,host,4,2026-07-28T22:48:05.000000Z
bb28,3,181,drew,Drew,9,Melissa Deni,host,5,2026-07-28T22:49:17.000000Z
bb28,3,181,drew,Drew,7620,Mary Kwiatkowski,guest,5,2026-07-28T22:50:22.000000Z
bb28,3,182,haley,Haley,1,Audience,audience,4,2026-07-28T22:51:10.000000Z
bb28,3,182,haley,Haley,4,Taran Armstrong,host,4,2026-07-28T22:48:05.000000Z
bb28,3,182,haley,Haley,9,Melissa Deni,host,4,2026-07-28T22:49:17.000000Z
bb28,3,182,haley,Haley,7620,Mary Kwiatkowski,guest,3,2026-07-28T22:50:23.000000Z
bb28,3,183,jason,Jason,1,Audience,audience,3,2026-07-28T22:51:11.000000Z
bb28,3,183,jason,Jason,4,Taran Armstrong,host,3,2026-07-28T22:48:06.000000Z
bb28,3,183,jason,Jason,9,Melissa Deni,host,2,2026-07-28T22:49:18.000000Z
bb28,3,183,jason,Jason,7620,Mary Kwiatkowski,guest,2,2026-07-28T22:50:24.000000Z
bb28,3,184,kamu,Kamu,1,Audience,audience,4,2026-07-28T22:51:11.000000Z
bb28,3,184,kamu,Kamu,4,Taran Armstrong,host,5,2026-07-28T22:48:06.000000Z
bb28,3,184,kamu,Kamu,9,Melissa Deni,host,4,2026-07-28T22:49:19.000000Z
bb28,3,184,kamu,Kamu,7620,Mary Kwiatkowski,guest,5,2026-07-28T22:50:25.000000Z
bb28,3,185,latrice,LaTrice,1,Audience,audience,3,2026-07-28T22:51:12.000000Z
bb28,3,185,latrice,LaTrice,4,Taran Armstrong,host,3,2026-07-28T22:48:11.000000Z
bb28,3,185,latrice,LaTrice,9,Melissa Deni,host,2,2026-07-28T22:49:19.000000Z
bb28,3,185,latrice,LaTrice,7620,Mary Kwiatkowski,guest,1,2026-07-28T22:50:25.000000Z
bb28,3,186,lyric,Lyric,1,Audience,audience,6,2026-07-28T22:51:25.000000Z
bb28,3,186,lyric,Lyric,4,Taran Armstrong,host,5,2026-07-28T22:48:31.000000Z
bb28,3,186,lyric,Lyric,9,Melissa Deni,host,6,2026-07-28T22:49:47.000000Z
bb28,3,186,lyric,Lyric,7620,Mary Kwiatkowski,guest,6,2026-07-28T22:50:41.000000Z
bb28,3,187,mallory,Mallory,1,Audience,audience,4,2026-07-28T22:51:22.000000Z
bb28,3,187,mallory,Mallory,4,Taran Armstrong,host,3,2026-07-28T22:48:31.000000Z
bb28,3,187,mallory,Mallory,9,Melissa Deni,host,3,2026-07-28T22:49:44.000000Z
bb28,3,187,mallory,Mallory,7620,Mary Kwiatkowski,guest,4,2026-07-28T22:50:49.000000Z
bb28,3,188,melody,Melody,1,Audience,audience,5,2026-07-28T22:51:23.000000Z
bb28,3,188,melody,Melody,4,Taran Armstrong,host,4,2026-07-28T22:48:35.000000Z
bb28,3,188,melody,Melody,9,Melissa Deni,host,4,2026-07-28T22:49:45.000000Z
bb28,3,188,melody,Melody,7620,Mary Kwiatkowski,guest,4,2026-07-28T22:50:49.000000Z
bb28,3,190,taylor,Taylor,1,Audience,audience,5,2026-07-28T22:51:23.000000Z
bb28,3,190,taylor,Taylor,4,Taran Armstrong,host,5,2026-07-28T22:48:37.000000Z
bb28,3,190,taylor,Taylor,9,Melissa Deni,host,5,2026-07-28T22:49:46.000000Z
bb28,3,190,taylor,Taylor,7620,Mary Kwiatkowski,guest,5,2026-07-28T22:50:50.000000Z
bb28,3,191,yash,Yash,1,Audience,audience,3,2026-07-28T22:51:24.000000Z
bb28,3,191,yash,Yash,4,Taran Armstrong,host,4,2026-07-28T22:48:38.000000Z
bb28,3,191,yash,Yash,9,Melissa Deni,host,3,2026-07-28T22:49:47.000000Z
bb28,3,191,yash,Yash,7620,Mary Kwiatkowski,guest,3,2026-07-28T22:50:52.000000Z
bb28,4,192,angela,Angela,1,Audience,audience,5,2026-08-04T04:38:42.000000Z
bb28,4,192,angela,Angela,4,Taran Armstrong,host,5,2026-08-04T04:38:42.000000Z
bb28,4,192,angela,Angela,9,Melissa Deni,host,5,2026-08-04T04:38:40.000000Z
bb28,4,192,angela,Angela,7620,Guest (user 7620),guest,5,2026-08-04T04:38:41.000000Z
bb28,4,179,barrett,Barrett,1,Audience,audience,4,2026-08-04T04:38:47.000000Z
bb28,4,179,barrett,Barrett,4,Taran Armstrong,host,4,2026-08-04T04:38:45.000000Z
bb28,4,179,barrett,Barrett,9,Melissa Deni,host,4,2026-08-04T04:38:45.000000Z
bb28,4,179,barrett,Barrett,7620,Guest (user 7620),guest,4,2026-08-04T04:38:46.000000Z
bb28,4,180,chuk,Chuk,1,Audience,audience,3,2026-08-04T04:38:59.000000Z
bb28,4,180,chuk,Chuk,4,Taran Armstrong,host,4,2026-08-04T04:38:56.000000Z
bb28,4,180,chuk,Chuk,9,Melissa Deni,host,5,2026-08-04T04:38:57.000000Z
bb28,4,180,chuk,Chuk,7620,Guest (user 7620),guest,5,2026-08-04T04:38:58.000000Z
bb28,4,194,dee,Dee,1,Audience,audience,8,2026-08-04T04:39:09.000000Z
bb28,4,194,dee,Dee,4,Taran Armstrong,host,8,2026-08-04T04:39:06.000000Z
bb28,4,194,dee,Dee,9,Melissa Deni,host,7,2026-08-04T04:39:07.000000Z
bb28,4,194,dee,Dee,7620,Guest (user 7620),guest,8,2026-08-04T04:39:11.000000Z
bb28,4,193,devens,Devens,1,Audience,audience,7,2026-08-04T04:39:12.000000Z
bb28,4,193,devens,Devens,4,Taran Armstrong,host,7,2026-08-04T04:39:10.000000Z
bb28,4,193,devens,Devens,9,Melissa Deni,host,7,2026-08-04T04:39:10.000000Z
bb28,4,193,devens,Devens,7620,Guest (user 7620),guest,7,2026-08-04T04:39:11.000000Z
bb28,4,181,drew,Drew,1,Audience,audience,3,2026-08-04T04:39:22.000000Z
bb28,4,181,drew,Drew,4,Taran Armstrong,host,1,2026-08-04T04:39:20.000000Z
bb28,4,181,drew,Drew,9,Melissa Deni,host,1,2026-08-04T04:39:21.000000Z
bb28,4,181,drew,Drew,7620,Guest (user 7620),guest,1,2026-08-04T04:39:21.000000Z
bb28,4,182,haley,Haley,1,Audience,audience,3,2026-08-04T04:39:35.000000Z
bb28,4,182,haley,Haley,4,Taran Armstrong,host,4,2026-08-04T04:39:29.000000Z
bb28,4,182,haley,Haley,9,Melissa Deni,host,4,2026-08-04T04:39:30.000000Z
bb28,4,182,haley,Haley,7620,Guest (user 7620),guest,5,2026-08-04T04:39:31.000000Z
bb28,4,184,kamu,Kamu,1,Audience,audience,4,2026-08-04T04:40:22.000000Z
bb28,4,184,kamu,Kamu,4,Taran Armstrong,host,3,2026-08-04T04:40:19.000000Z
bb28,4,184,kamu,Kamu,9,Melissa Deni,host,4,2026-08-04T04:40:20.000000Z
bb28,4,184,kamu,Kamu,7620,Guest (user 7620),guest,5,2026-08-04T04:40:21.000000Z
bb28,4,185,latrice,LaTrice,1,Audience,audience,3,2026-08-04T04:40:33.000000Z
bb28,4,185,latrice,LaTrice,4,Taran Armstrong,host,3,2026-08-04T04:40:34.000000Z
bb28,4,185,latrice,LaTrice,9,Melissa Deni,host,2,2026-08-04T04:40:32.000000Z
bb28,4,185,latrice,LaTrice,7620,Guest (user 7620),guest,2,2026-08-04T04:40:32.000000Z
bb28,4,186,lyric,Lyric,1,Audience,audience,4,2026-08-04T04:40:44.000000Z
bb28,4,186,lyric,Lyric,4,Taran Armstrong,host,3,2026-08-04T04:40:42.000000Z
bb28,4,186,lyric,Lyric,9,Melissa Deni,host,3,2026-08-04T04:40:43.000000Z
bb28,4,186,lyric,Lyric,7620,Guest (user 7620),guest,3,2026-08-04T04:40:44.000000Z
bb28,4,187,mallory,Mallory,1,Audience,audience,5,2026-08-04T04:41:25.000000Z
bb28,4,187,mallory,Mallory,4,Taran Armstrong,host,5,2026-08-04T04:41:23.000000Z
bb28,4,187,mallory,Mallory,9,Melissa Deni,host,5,2026-08-04T04:41:24.000000Z
bb28,4,187,mallory,Mallory,7620,Guest (user 7620),guest,4,2026-08-04T04:41:24.000000Z
bb28,4,188,melody,Melody,1,Audience,audience,4,2026-08-04T04:42:05.000000Z
bb28,4,188,melody,Melody,4,Taran Armstrong,host,3,2026-08-04T04:42:02.000000Z
bb28,4,188,melody,Melody,9,Melissa Deni,host,3,2026-08-04T04:42:03.000000Z
bb28,4,188,melody,Melody,7620,Guest (user 7620),guest,2,2026-08-04T04:42:04.000000Z
bb28,4,190,taylor,Taylor,1,Audience,audience,5,2026-08-04T04:42:25.000000Z
bb28,4,190,taylor,Taylor,4,Taran Armstrong,host,5,2026-08-04T04:42:22.000000Z
bb28,4,190,taylor,Taylor,9,Melissa Deni,host,5,2026-08-04T04:42:22.000000Z
bb28,4,190,taylor,Taylor,7620,Guest (user 7620),guest,5,2026-08-04T04:42:24.000000Z
bb28,4,191,yash,Yash,1,Audience,audience,5,2026-08-04T04:42:26.000000Z
bb28,4,191,yash,Yash,4,Taran Armstrong,host,5,2026-08-04T04:42:20.000000Z
bb28,4,191,yash,Yash,9,Melissa Deni,host,5,2026-08-04T04:42:23.000000Z
bb28,4,191,yash,Yash,7620,Guest (user 7620),guest,5,2026-08-04T04:42:24.000000Z
bb28,5,192,angela,Angela,1,Audience,audience,5,2026-08-11T23:40:28.000000Z
bb28,5,192,angela,Angela,4,Taran Armstrong,host,4,2026-08-11T23:38:28.000000Z
bb28,5,192,angela,Angela,9,Melissa Deni,host,3,2026-08-11T23:40:02.000000Z
bb28,5,192,angela,Angela,7620,Guest (user 7620),guest,4,2026-08-11T23:40:16.000000Z
bb28,5,179,barrett,Barrett,1,Audience,audience,4,2026-08-11T23:40:28.000000Z
bb28,5,179,barrett,Barrett,4,Taran Armstrong,host,3,2026-08-11T23:38:34.000000Z
bb28,5,179,barrett,Barrett,9,Melissa Deni,host,3,2026-08-11T23:40:03.000000Z
bb28,5,179,barrett,Barrett,7620,Guest (user 7620),guest,4,2026-08-11T23:40:17.000000Z
bb28,5,194,dee,Dee,1,Audience,audience,7,2026-08-11T23:40:30.000000Z
bb28,5,194,dee,Dee,4,Taran Armstrong,host,7,2026-08-11T23:38:36.000000Z
bb28,5,194,dee,Dee,9,Melissa Deni,host,7,2026-08-11T23:40:06.000000Z
bb28,5,194,dee,Dee,7620,Guest (user 7620),guest,9,2026-08-11T23:40:19.000000Z
bb28,5,193,devens,Devens,1,Audience,audience,7,2026-08-11T23:40:30.000000Z
bb28,5,193,devens,Devens,4,Taran Armstrong,host,7,2026-08-11T23:38:37.000000Z
bb28,5,193,devens,Devens,9,Melissa Deni,host,7,2026-08-11T23:40:07.000000Z
bb28,5,193,devens,Devens,7620,Guest (user 7620),guest,9,2026-08-11T23:40:19.000000Z
bb28,5,181,drew,Drew,1,Audience,audience,5,2026-08-11T23:40:31.000000Z
bb28,5,181,drew,Drew,4,Taran Armstrong,host,5,2026-08-11T23:38:39.000000Z
bb28,5,181,drew,Drew,9,Melissa Deni,host,5,2026-08-11T23:40:07.000000Z
bb28,5,181,drew,Drew,7620,Guest (user 7620),guest,5,2026-08-11T23:40:20.000000Z
bb28,5,182,haley,Haley,1,Audience,audience,2,2026-08-11T23:40:32.000000Z
bb28,5,182,haley,Haley,4,Taran Armstrong,host,2,2026-08-11T23:38:40.000000Z
bb28,5,182,haley,Haley,9,Melissa Deni,host,1,2026-08-11T23:40:09.000000Z
bb28,5,182,haley,Haley,7620,Guest (user 7620),guest,1,2026-08-11T23:40:21.000000Z
bb28,5,184,kamu,Kamu,1,Audience,audience,6,2026-08-11T23:40:33.000000Z
bb28,5,184,kamu,Kamu,4,Taran Armstrong,host,6,2026-08-11T23:38:40.000000Z
bb28,5,184,kamu,Kamu,9,Melissa Deni,host,6,2026-08-11T23:40:09.000000Z
bb28,5,184,kamu,Kamu,7620,Guest (user 7620),guest,6,2026-08-11T23:40:25.000000Z
bb28,5,185,latrice,LaTrice,1,Audience,audience,5,2026-08-11T23:40:34.000000Z
bb28,5,185,latrice,LaTrice,4,Taran Armstrong,host,4,2026-08-11T23:38:43.000000Z
bb28,5,185,latrice,LaTrice,9,Melissa Deni,host,4,2026-08-11T23:40:11.000000Z
bb28,5,185,latrice,LaTrice,7620,Guest (user 7620),guest,4,2026-08-11T23:40:23.000000Z
bb28,5,187,mallory,Mallory,1,Audience,audience,5,2026-08-11T23:40:34.000000Z
bb28,5,187,mallory,Mallory,4,Taran Armstrong,host,5,2026-08-11T23:38:44.000000Z
bb28,5,187,mallory,Mallory,9,Melissa Deni,host,5,2026-08-11T23:40:12.000000Z
bb28,5,187,mallory,Mallory,7620,Guest (user 7620),guest,5,2026-08-11T23:40:23.000000Z
bb28,5,188,melody,Melody,1,Audience,audience,5,2026-08-11T23:40:34.000000Z
bb28,5,188,melody,Melody,4,Taran Armstrong,host,4,2026-08-11T23:38:44.000000Z
bb28,5,188,melody,Melody,9,Melissa Deni,host,5,2026-08-11T23:40:12.000000Z
bb28,5,188,melody,Melody,7620,Guest (user 7620),guest,5,2026-08-11T23:40:23.000000Z
bb28,5,190,taylor,Taylor,1,Audience,audience,6,2026-08-11T23:40:35.000000Z
bb28,5,190,taylor,Taylor,4,Taran Armstrong,host,6,2026-08-11T23:38:45.000000Z
bb28,5,190,taylor,Taylor,9,Melissa Deni,host,6,2026-08-11T23:40:13.000000Z
bb28,5,190,taylor,Taylor,7620,Guest (user 7620),guest,6,2026-08-11T23:40:24.000000Z
bb28,5,191,yash,Yash,1,Audience,audience,6,2026-08-11T23:40:35.000000Z
bb28,5,191,yash,Yash,4,Taran Armstrong,host,7,2026-08-11T23:39:40.000000Z
bb28,5,191,yash,Yash,9,Melissa Deni,host,6,2026-08-11T23:40:13.000000Z
bb28,5,191,yash,Yash,7620,Guest (user 7620),guest,8,2026-08-11T23:40:25.000000Z
bb28,6,192,angela,Angela,1,Audience,audience,5,2026-08-18T05:25:52.000000Z
bb28,6,192,angela,Angela,4,Taran Armstrong,host,4,2026-08-18T05:23:53.000000Z
bb28,6,192,angela,Angela,9,Melissa Deni,host,4,2026-08-18T05:24:07.000000Z
bb28,6,192,angela,Angela,7620,Guest (user 7620),guest,5,2026-08-18T05:25:37.000000Z
bb28,6,179,barrett,Barrett,1,Audience,audience,5,2026-08-18T05:25:53.000000Z
bb28,6,179,barrett,Barrett,4,Taran Armstrong,host,4,2026-08-18T05:23:53.000000Z
bb28,6,179,barrett,Barrett,9,Melissa Deni,host,4,2026-08-18T05:24:07.000000Z
bb28,6,179,barrett,Barrett,7620,Guest (user 7620),guest,6,2026-08-18T05:25:37.000000Z
bb28,6,194,dee,Dee,1,Audience,audience,6,2026-08-18T05:25:53.000000Z
bb28,6,194,dee,Dee,4,Taran Armstrong,host,3,2026-08-18T05:23:54.000000Z
bb28,6,194,dee,Dee,9,Melissa Deni,host,4,2026-08-18T05:24:08.000000Z
bb28,6,194,dee,Dee,7620,Guest (user 7620),guest,5,2026-08-18T05:25:42.000000Z
bb28,6,193,devens,Devens,1,Audience,audience,7,2026-08-18T05:25:54.000000Z
bb28,6,193,devens,Devens,4,Taran Armstrong,host,5,2026-08-18T05:23:55.000000Z
bb28,6,193,devens,Devens,9,Melissa Deni,host,6,2026-08-18T05:24:08.000000Z
bb28,6,193,devens,Devens,7620,Guest (user 7620),guest,10,2026-08-18T05:25:40.000000Z
bb28,6,181,drew,Drew,1,Audience,audience,6,2026-08-18T05:25:55.000000Z
bb28,6,181,drew,Drew,4,Taran Armstrong,host,7,2026-08-18T05:23:56.000000Z
bb28,6,181,drew,Drew,9,Melissa Deni,host,6,2026-08-18T05:24:08.000000Z
bb28,6,181,drew,Drew,7620,Guest (user 7620),guest,8,2026-08-18T05:25:43.000000Z
bb28,6,182,haley,Haley,1,Audience,audience,2,2026-08-18T05:25:56.000000Z
bb28,6,182,haley,Haley,4,Taran Armstrong,host,1,2026-08-18T05:23:57.000000Z
bb28,6,182,haley,Haley,9,Melissa Deni,host,1,2026-08-18T05:24:10.000000Z
bb28,6,182,haley,Haley,7620,Guest (user 7620),guest,1,2026-08-18T05:25:44.000000Z
bb28,6,184,kamu,Kamu,1,Audience,audience,4,2026-08-18T05:26:01.000000Z
bb28,6,184,kamu,Kamu,4,Taran Armstrong,host,3,2026-08-18T05:23:58.000000Z
bb28,6,184,kamu,Kamu,9,Melissa Deni,host,2,2026-08-18T05:24:10.000000Z
bb28,6,184,kamu,Kamu,7620,Guest (user 7620),guest,1,2026-08-18T05:25:45.000000Z
bb28,6,185,latrice,LaTrice,1,Audience,audience,4,2026-08-18T05:25:58.000000Z
bb28,6,185,latrice,LaTrice,4,Taran Armstrong,host,4,2026-08-18T05:23:59.000000Z
bb28,6,185,latrice,LaTrice,9,Melissa Deni,host,4,2026-08-18T05:24:11.000000Z
bb28,6,185,latrice,LaTrice,7620,Guest (user 7620),guest,4,2026-08-18T05:25:46.000000Z
bb28,6,187,mallory,Mallory,1,Audience,audience,6,2026-08-18T05:25:59.000000Z
bb28,6,187,mallory,Mallory,4,Taran Armstrong,host,8,2026-08-18T05:24:04.000000Z
bb28,6,187,mallory,Mallory,9,Melissa Deni,host,6,2026-08-18T05:24:12.000000Z
bb28,6,187,mallory,Mallory,7620,Guest (user 7620),guest,6,2026-08-18T05:25:47.000000Z
bb28,6,188,melody,Melody,1,Audience,audience,6,2026-08-18T05:26:00.000000Z
bb28,6,188,melody,Melody,4,Taran Armstrong,host,5,2026-08-18T05:24:02.000000Z
bb28,6,188,melody,Melody,9,Melissa Deni,host,6,2026-08-18T05:24:12.000000Z
bb28,6,188,melody,Melody,7620,Guest (user 7620),guest,5,2026-08-18T05:25:48.000000Z
bb28,6,190,taylor,Taylor,1,Audience,audience,5,2026-08-18T05:26:00.000000Z
bb28,6,190,taylor,Taylor,4,Taran Armstrong,host,6,2026-08-18T05:24:03.000000Z
bb28,6,190,taylor,Taylor,9,Melissa Deni,host,5,2026-08-18T05:24:13.000000Z
bb28,6,190,taylor,Taylor,7620,Guest (user 7620),guest,5,2026-08-18T05:25:49.000000Z
bb28,6,191,yash,Yash,1,Audience,audience,5,2026-08-18T05:26:00.000000Z
bb28,6,191,yash,Yash,4,Taran Armstrong,host,4,2026-08-18T05:24:04.000000Z
bb28,6,191,yash,Yash,9,Melissa Deni,host,4,2026-08-18T05:24:14.000000Z
bb28,6,191,yash,Yash,7620,Guest (user 7620),guest,4,2026-08-18T05:25:50.000000Z
bb28,7,192,angela,Angela,1,Audience,audience,6,2026-08-25T03:31:39.000000Z
bb28,7,192,angela,Angela,4,Taran Armstrong,host,5,2026-08-25T03:30:50.000000Z
bb28,7,192,angela,Angela,9,Melissa Deni,host,5,2026-08-25T03:31:08.000000Z
bb28,7,192,angela,Angela,7620,Guest (user 7620),guest,5,2026-08-25T03:31:23.000000Z
bb28,7,179,barrett,Barrett,1,Audience,audience,3,2026-08-25T03:31:40.000000Z
bb28,7,179,barrett,Barrett,4,Taran Armstrong,host,2,2026-08-25T03:30:51.000000Z
bb28,7,179,barrett,Barrett,9,Melissa Deni,host,3,2026-08-25T03:31:09.000000Z
bb28,7,179,barrett,Barrett,7620,Guest (user 7620),guest,3,2026-08-25T03:31:24.000000Z
bb28,7,194,dee,Dee,1,Audience,audience,6,2026-08-25T03:31:41.000000Z
bb28,7,194,dee,Dee,4,Taran Armstrong,host,6,2026-08-25T03:30:52.000000Z
bb28,7,194,dee,Dee,9,Melissa Deni,host,5,2026-08-25T03:31:11.000000Z
bb28,7,194,dee,Dee,7620,Guest (user 7620),guest,6,2026-08-25T03:31:26.000000Z
bb28,7,193,devens,Devens,1,Audience,audience,7,2026-08-25T03:31:42.000000Z
bb28,7,193,devens,Devens,4,Taran Armstrong,host,7,2026-08-25T03:30:53.000000Z
bb28,7,193,devens,Devens,9,Melissa Deni,host,6,2026-08-25T03:31:13.000000Z
bb28,7,193,devens,Devens,7620,Guest (user 7620),guest,7,2026-08-25T03:31:29.000000Z
bb28,7,181,drew,Drew,1,Audience,audience,3,2026-08-25T03:31:43.000000Z
bb28,7,181,drew,Drew,4,Taran Armstrong,host,2,2026-08-25T03:30:54.000000Z
bb28,7,181,drew,Drew,9,Melissa Deni,host,3,2026-08-25T03:31:14.000000Z
bb28,7,181,drew,Drew,7620,Guest (user 7620),guest,4,2026-08-25T03:31:30.000000Z
bb28,7,182,haley,Haley,1,Audience,audience,3,2026-08-25T03:31:44.000000Z
bb28,7,182,haley,Haley,4,Taran Armstrong,host,3,2026-08-25T03:30:55.000000Z
bb28,7,182,haley,Haley,9,Melissa Deni,host,2,2026-08-25T03:31:15.000000Z
bb28,7,182,haley,Haley,7620,Guest (user 7620),guest,2,2026-08-25T03:31:32.000000Z
bb28,7,185,latrice,LaTrice,1,Audience,audience,4,2026-08-25T03:31:45.000000Z
bb28,7,185,latrice,LaTrice,4,Taran Armstrong,host,4,2026-08-25T03:30:56.000000Z
bb28,7,185,latrice,LaTrice,9,Melissa Deni,host,4,2026-08-25T03:31:16.000000Z
bb28,7,185,latrice,LaTrice,7620,Guest (user 7620),guest,5,2026-08-25T03:31:33.000000Z
bb28,7,187,mallory,Mallory,1,Audience,audience,2,2026-08-25T03:31:45.000000Z
bb28,7,187,mallory,Mallory,4,Taran Armstrong,host,1,2026-08-25T03:30:57.000000Z
bb28,7,187,mallory,Mallory,9,Melissa Deni,host,1,2026-08-25T03:31:17.000000Z
bb28,7,187,mallory,Mallory,7620,Guest (user 7620),guest,1,2026-08-25T03:31:34.000000Z
bb28,7,188,melody,Melody,1,Audience,audience,3,2026-08-25T03:31:46.000000Z
bb28,7,188,melody,Melody,4,Taran Armstrong,host,2,2026-08-25T03:30:59.000000Z
bb28,7,188,melody,Melody,9,Melissa Deni,host,2,2026-08-25T03:31:17.000000Z
bb28,7,188,melody,Melody,7620,Guest (user 7620),guest,3,2026-08-25T03:31:34.000000Z
bb28,7,190,taylor,Taylor,1,Audience,audience,4,2026-08-25T03:31:47.000000Z
bb28,7,190,taylor,Taylor,4,Taran Armstrong,host,3,2026-08-25T03:30:59.000000Z
bb28,7,190,taylor,Taylor,9,Melissa Deni,host,4,2026-08-25T03:31:20.000000Z
bb28,7,190,taylor,Taylor,7620,Guest (user 7620),guest,3,2026-08-25T03:31:35.000000Z
bb28,7,191,yash,Yash,1,Audience,audience,5,2026-08-25T03:31:47.000000Z
bb28,7,191,yash,Yash,4,Taran Armstrong,host,5,2026-08-25T03:31:04.000000Z
bb28,7,191,yash,Yash,9,Melissa Deni,host,6,2026-08-25T03:31:21.000000Z
bb28,7,191,yash,Yash,7620,Guest (user 7620),guest,6,2026-08-25T03:31:36.000000Z
bb28,8,192,angela,Angela,1,Audience,audience,5,2026-09-02T02:13:48.000000Z
bb28,8,192,angela,Angela,4,Taran Armstrong,host,4,2026-09-02T02:13:10.000000Z
bb28,8,192,angela,Angela,9,Melissa Deni,host,5,2026-09-02T02:13:22.000000Z
bb28,8,192,angela,Angela,7620,Guest (user 7620),guest,5,2026-09-02T02:13:36.000000Z
bb28,8,179,barrett,Barrett,1,Audience,audience,6,2026-09-02T02:13:49.000000Z
bb28,8,179,barrett,Barrett,4,Taran Armstrong,host,5,2026-09-02T02:13:14.000000Z
bb28,8,179,barrett,Barrett,9,Melissa Deni,host,5,2026-09-02T02:13:22.000000Z
bb28,8,179,barrett,Barrett,7620,Guest (user 7620),guest,5,2026-09-02T02:13:33.000000Z
bb28,8,194,dee,Dee,1,Audience,audience,5,2026-09-02T02:13:50.000000Z
bb28,8,194,dee,Dee,4,Taran Armstrong,host,4,2026-09-02T02:13:13.000000Z
bb28,8,194,dee,Dee,9,Melissa Deni,host,4,2026-09-02T02:13:23.000000Z
bb28,8,194,dee,Dee,7620,Guest (user 7620),guest,4,2026-09-02T02:13:34.000000Z
bb28,8,193,devens,Devens,1,Audience,audience,3,2026-09-02T02:13:50.000000Z
bb28,8,193,devens,Devens,4,Taran Armstrong,host,1,2026-09-02T02:13:14.000000Z
bb28,8,193,devens,Devens,9,Melissa Deni,host,1,2026-09-02T02:13:23.000000Z
bb28,8,193,devens,Devens,7620,Guest (user 7620),guest,1,2026-09-02T02:13:39.000000Z
bb28,8,181,drew,Drew,1,Audience,audience,4,2026-09-02T02:13:52.000000Z
bb28,8,181,drew,Drew,4,Taran Armstrong,host,3,2026-09-02T02:13:15.000000Z
bb28,8,181,drew,Drew,9,Melissa Deni,host,3,2026-09-02T02:13:25.000000Z
bb28,8,181,drew,Drew,7620,Guest (user 7620),guest,3,2026-09-02T02:13:40.000000Z
bb28,8,185,latrice,LaTrice,1,Audience,audience,4,2026-09-02T02:13:56.000000Z
bb28,8,185,latrice,LaTrice,4,Taran Armstrong,host,3,2026-09-02T02:13:17.000000Z
bb28,8,185,latrice,LaTrice,9,Melissa Deni,host,3,2026-09-02T02:13:26.000000Z
bb28,8,185,latrice,LaTrice,7620,Guest (user 7620),guest,3,2026-09-02T02:13:42.000000Z
bb28,8,188,melody,Melody,1,Audience,audience,4,2026-09-02T02:13:54.000000Z
bb28,8,188,melody,Melody,4,Taran Armstrong,host,3,2026-09-02T02:13:18.000000Z
bb28,8,188,melody,Melody,9,Melissa Deni,host,4,2026-09-02T02:13:28.000000Z
bb28,8,188,melody,Melody,7620,Guest (user 7620),guest,3,2026-09-02T02:13:42.000000Z
bb28,8,190,taylor,Taylor,1,Audience,audience,5,2026-09-02T02:13:55.000000Z
bb28,8,190,taylor,Taylor,4,Taran Armstrong,host,4,2026-09-02T02:13:19.000000Z
bb28,8,190,taylor,Taylor,9,Melissa Deni,host,4,2026-09-02T02:13:29.000000Z
bb28,8,190,taylor,Taylor,7620,Guest (user 7620),guest,4,2026-09-02T02:13:44.000000Z
bb28,8,191,yash,Yash,1,Audience,audience,7,2026-09-02T02:13:56.000000Z
bb28,8,191,yash,Yash,4,Taran Armstrong,host,8,2026-09-02T02:13:19.000000Z
bb28,8,191,yash,Yash,9,Melissa Deni,host,7,2026-09-02T02:13:31.000000Z
bb28,8,191,yash,Yash,7620,Guest (user 7620),guest,7,2026-09-02T02:13:45.000000Z
